"asc_pt","asc_bc","asc_wk","b_tt_cr","b_tt_pt","b_tt_am","b_tt_cr_sqrt","b_tt_pt_sqrt","b_tt_am_sqrt","b_purp_work_pt","b_purp_work_bc","b_purp_work_wk","b_purp_edu_pt","b_purp_edu_bc","b_purp_edu_wk","b_temp_pt_1","b_temp_bc_1","b_temp_wk_1","b_wind_pt_1","b_wind_bc_1","b_wind_wk_1","b_ri_pt_1","b_ri_bc_1","b_ri_wk_1","b_ss_pt_1","b_ss_bc_1","b_ss_wk_1","b_all_temp_cr_1","b_all_temp_pt_1","b_all_temp_bc_1","b_all_temp_wk_1","b_all_wind_cr_1","b_all_wind_pt_1","b_all_wind_bc_1","b_all_wind_wk_1","b_all_ri_cr_1","b_all_ri_pt_1","b_all_ri_bc_1","b_all_ri_wk_1","b_all_ss_cr_1","b_all_ss_pt_1","b_all_ss_bc_1","b_all_ss_wk_1","logLike"
-6.208445,2.645348,3.614101,-0.14426,-0.117304,0.009944,0.793374,1.372544,-0.773005,0.883557,1.083164,-0.280118,3.179009,3.533841,1.455915,-0.070261,0.0953,0.011832,0.147381,-0.119205,-0.078137,0.00258,-0.067714,0.008712,0.110786,0.105682,0.016985,0,0,0,0,0,0,0,0,0,0,0,0,0,0,0,0,-28102.229334145
-6.20901017713973,2.64594047179257,3.61382524214105,-0.144268062761671,-0.117309896819524,0.00994417883993422,0.793275859794225,1.37247549317911,-0.772942574389798,0.883073819204252,1.08362627739847,-0.280377412757663,3.17841279553379,3.53410323124422,1.45586512531172,-0.0696423904453989,0.0961032129369409,0.0114305590501018,0.146525883038367,-0.118613857470742,-0.0784171594820373,0.00142490227288699,-0.0671610088334145,0.00860379640949599,0.111874523546574,0.106606930109702,0.0162785113113531,0.013529963983605,-0.0148831450341976,-0.0112526588522404,0.00475883480835599,-0.00812828886932132,-0.00403806690300745,-0.00550270913825899,0.0200839792370419,0.00413717496922067,0.0148839334128213,0.00243087917458819,-0.0253016130367555,0.00660927623291953,-0.00715760171221813,-0.0168064493970188,0.0219376982468214,-28097.4822975953
-6.21090273541614,2.64888890416067,3.61298306523617,-0.14424693574339,-0.117305179942713,0.0099395788293784,0.792986127552815,1.37250953643201,-0.773151484903616,0.881373112317157,1.0833159835063,-0.280261258278697,3.17607938148481,3.53212785351271,1.45767239134504,-0.0590325569629539,0.100284619705396,0.0175224517281679,0.145008272825393,-0.117701859756793,-0.0872397083376559,-0.0112333951119272,-0.0617933248257475,0.0154947939592486,0.1153236008978,0.114058317248532,0.00918474236940689,0.0616798194437022,-0.0691946291695008,-0.0148332501352275,-0.0512653854654076,-0.0551800756105333,-0.0459770140051932,-0.0252859418180134,0.129054417061377,0.0361027878528873,0.0973245933826278,-0.0110808529468025,-0.140367823639278,0.00664342467175866,0.00697583097440268,-0.0673862561441101,0.10205612277605,-28087.9227893634
-6.22187349842417,2.65032348093756,3.6162341459461,-0.144210901792929,-0.117442273848118,0.00994532221544251,0.792457597892003,1.37513848887312,-0.773693493980603,0.879490291791986,1.08313295776701,-0.281709699920434,3.17588196733057,3.53262718729317,1.45576419844954,-0.0541670953858676,0.102082916453519,0.0239054529393789,0.146663443241577,-0.119093593542376,-0.0931841775171819,-0.0150077575255398,-0.0588264331894628,0.019230305762124,0.111608711325343,0.116108598752741,0.00523925597612162,0.0837842841648816,-0.100058041165997,-0.0130137401954507,-0.0799298605545659,-0.0709758813386951,-0.0730165135560443,-0.0317543306717316,0.171530303062565,0.0403675114502165,0.158884204281392,-0.0304164878129735,-0.164978164737774,-0.0048848430466586,0.0222417647994583,-0.0813062704081533,0.138210376129468,-28086.935759786
-6.22121923809974,2.65102736537742,3.61665694491239,-0.144250114584053,-0.117476836683321,0.00994687810767563,0.792852820264692,1.375575412243,-0.773711481724761,0.878377624070103,1.08311810714309,-0.28106711671107,3.17407719301255,3.53271903137356,1.45660251551283,-0.0541767315504796,0.101963261627766,0.0235030533241351,0.146025009228753,-0.119227450986507,-0.0931396158550193,-0.0148076275080649,-0.0587341509924116,0.01926543529787,0.11190043002533,0.116081639515534,0.00541617186321026,0.0838874621808643,-0.104078594038569,-0.011557039096278,-0.0804173607787728,-0.0721335683435396,-0.0724126241029456,-0.0313866196443839,0.172392264888268,0.0388782055487036,0.168753534275282,-0.0323937617597291,-0.166809351508081,-0.00606068661835958,0.0240516873148454,-0.0801637911331077,0.137163857266142,-28086.9173060294
-6.22076573194691,2.65081843771154,3.61660665608784,-0.144247241474781,-0.117468730988625,0.00994847510435136,0.792734850894058,1.37537437633658,-0.77374849552171,0.878103559898683,1.08305570677235,-0.281229561161123,3.17394559483649,3.53266957658386,1.45641571962067,-0.0542916653634539,0.101937758761221,0.0234983016478055,0.146211398769601,-0.11922298520204,-0.0930645424973314,-0.014733359431393,-0.0587718041159788,0.0192284584593193,0.111840675989978,0.11603976341388,0.00544587404585704,0.0836571354469098,-0.104112906714298,-0.0113762357616669,-0.0802940231474962,-0.0719744262391362,-0.071249880365346,-0.0314644982454596,0.171760176441484,0.0386804580215882,0.171015977784,-0.0331381719904237,-0.166986133268052,-0.00601261056451542,0.0243950192586934,-0.0799254368394579,0.136485473223137,-28086.9162162234
-6.22047550831389,2.65092313507912,3.61667227701038,-0.14425270766866,-0.117468092952383,0.0099493569955095,0.792800871186292,1.37535651447299,-0.773744340730701,0.878064577767812,1.08305831381677,-0.281238297594172,3.17394149158593,3.53265074841098,1.45641969874941,-0.054285333717399,0.101935236848197,0.023498954221206,0.146168358040332,-0.119220159174254,-0.0930630633382554,-0.014737006275959,-0.0587774530983665,0.0192235420125603,0.111852720345474,0.116038379859245,0.00545260837390025,0.0835708028333581,-0.103857722691836,-0.0114166888375269,-0.0802437655337758,-0.0719864641305677,-0.0708887446279316,-0.0314702717936637,0.171549870841446,0.0386676363424859,0.171276439009085,-0.0331411769343871,-0.167094429863984,-0.00598718224717649,0.0244849345270726,-0.0799494514573943,0.136379184620135,-28086.9161473581
-6.22033296390696,2.65094619599011,3.6166998798489,-0.144253025369616,-0.117465708792986,0.00995077840721242,0.792803387941804,1.37531688479986,-0.773756574679866,0.878058593904709,1.0830626671129,-0.281253114570224,3.1739523162454,3.53264318257948,1.45642089390819,-0.0542868698793827,0.101936361390564,0.0234974254539923,0.146165537060443,-0.119218501201613,-0.093065440003728,-0.0147425561388227,-0.0587787952932422,0.0192245870232893,0.111856068322904,0.116039008331566,0.00545306278313753,0.0835195736485148,-0.103634345410404,-0.0114587671651627,-0.0802368644322457,-0.0720014161015017,-0.0707205911105881,-0.0314954972132695,0.171444795573323,0.0386791380814394,0.171409204294991,-0.0331273483533362,-0.167179345366694,-0.00598444835346415,0.0245674728160166,-0.0799917083441331,0.136341667700013,-28086.9161156607
-6.22025310139319,2.65096290933376,3.61672410667125,-0.144252053473127,-0.117463590074075,0.00995236285260882,0.792796460122609,1.3752872305567,-0.773771746840002,0.878060582091998,1.0830669746786,-0.281260197703903,3.17396495280132,3.53264313427212,1.45642120424681,-0.0542870839095483,0.101937371720831,0.0234991719314598,0.146164368540772,-0.119217987408952,-0.0930678280846208,-0.0147471362817867,-0.0587786105335012,0.0192258687171652,0.111856982761698,0.116040039797126,0.00545147248763492,0.0834941420214174,-0.103509418096689,-0.0114851975113699,-0.0802427293161854,-0.0720142138342765,-0.070656602108828,-0.0315120720254767,0.171404247973291,0.0386923133457045,0.171467115672728,-0.033113846732164,-0.167217476519666,-0.00598846372274428,0.0246151663422278,-0.0800212599240064,0.136332312630668,-28086.9160959807
-6.22019102212696,2.65097208757251,3.61674846859312,-0.144249680890867,-0.117460862663222,0.00995445906075626,0.792776751871348,1.37525205638166,-0.773793664653728,0.878064766819093,1.08307172464179,-0.281265894844462,3.17397445305715,3.53264607250284,1.45642022894677,-0.0542877330305698,0.101938281668863,0.0235008475228381,0.146165605715353,-0.119217952311474,-0.0930703831807521,-0.0147516947101598,-0.058777900708314,0.0192276434925613,0.111856473851067,0.116041107967742,0.00544961702314469,0.0834167128807121,-0.103485101774531,-0.0115666426091133,-0.0803140989248929,-0.0720496870269462,-0.0706564506837516,-0.0315492043251771,0.171363351746411,0.0389732922722269,0.171763831407857,-0.0328319685264703,-0.166969662271639,-0.00610620671394473,0.024535837715972,-0.0801563897679205,0.136220729253233,-28086.9160788083
-6.22017028036485,2.65097204868133,3.61676306485039,-0.144247123663528,-0.11745878446837,0.00995610610650185,0.792755047846266,1.37522770419694,-0.773811937182786,0.878068318231373,1.08307474582797,-0.281267518135882,3.17397669243314,3.53265028202842,1.45641838563043,-0.0542884551304098,0.101938640886878,0.0235021339825496,0.14616815633898,-0.119218349147887,-0.093071807872288,-0.0147541938024151,-0.05877708999784,0.0192289379630985,0.111854880249365,0.116041687391969,0.00544823351728788,0.0834360844227496,-0.103458417309387,-0.011552264774997,-0.0803035723384707,-0.0719904543909242,-0.0706156021529454,-0.0314893933741687,0.171438275597668,0.0388155560877119,0.171587092470047,-0.0329890796953982,-0.167128783357023,-0.00591469609540907,0.0247340042236752,-0.0799667014704232,0.136425199960918,-28086.9160679399
-6.22017366195749,2.65096557284647,3.61677242468346,-0.144244189288185,-0.117456902806521,0.00995761292882349,0.792729755859981,1.37520764762027,-0.773829576112054,0.878071671319334,1.0830768761198,-0.281266818529685,3.17397407046677,3.53265556971281,1.45641581273469,-0.0542892903260943,0.10193866369948,0.0235031579464921,0.146171742793673,-0.119219056119409,-0.0930726285585442,-0.0147555885646033,-0.0587761619161756,0.0192300442999739,0.11185242216782,0.116041986503195,0.00544709429278223,0.0834861403355852,-0.103462460117864,-0.0115082188692353,-0.0802725462322751,-0.0716435833482761,-0.0703232839267385,-0.0311404349382355,0.171815181705598,0.0385047060934024,0.171233176589698,-0.0332993739840966,-0.167420773912863,-0.0057044216197371,0.0249305806226656,-0.0797483334680287,0.136653533535688,-28086.9160594406
-6.22019554775775,2.6509563233315,3.61677357189442,-0.144242121643822,-0.117455936088706,0.00995838927703459,0.792711695227572,1.37519920884266,-0.773839518428955,0.878073422820631,1.08307739272232,-0.281264411613145,3.17396835571144,3.5326596167643,1.45641369561512,-0.0542898977568813,0.101938388154627,0.023503566157042,0.146174757968011,-0.119219737609372,-0.0930725964975599,-0.0147554816272782,-0.0587755152180681,0.0192305304809532,0.111850236875766,0.116041924560081,0.00544661627292425,0.0836480120358301,-0.103385217980352,-0.011350795773573,-0.0801306018858544,-0.0712280489566543,-0.069970839292109,-0.0307224285270643,0.172260516433896,0.0379632613543353,0.170645653387056,-0.0338405816629344,-0.167933916022578,-0.00541740455186623,0.0251921038538911,-0.0794480864976418,0.136955521462229,-28086.9160544537
-6.22022741868028,2.65094565269743,3.61676958084541,-0.144240658127114,-0.117455552496964,0.00995868511514839,0.792698719478425,1.3751980245551,-0.773844345402721,0.87807410576051,1.08307690705431,-0.281261067554133,3.17396096769988,3.53266273690999,1.45641197588588,-0.0542903360727675,0.101937940701758,0.0235035729572996,0.146177277823202,-0.119220373616424,-0.0930720440047662,-0.0147544624338842,-0.0587750704276666,0.0192306130325242,0.111848306322741,0.116041644017541,0.00544656452480852,0.0838847031332092,-0.103248281665967,-0.0111174072080863,-0.0799135071382865,-0.0708113605168493,-0.0696196710815825,-0.0303031414791265,0.172705498324519,0.0375822235733292,0.170218683453298,-0.03422159014466,-0.168282135425634,-0.00503743198168479,0.0255404781317813,-0.0790523203660597,0.137347893655853,-28086.9160511396
