"asc_pt","asc_bc","asc_wk","b_tt_cr","b_tt_pt","b_tt_am","b_tt_cr_sqrt","b_tt_pt_sqrt","b_tt_am_sqrt","b_purp_work_pt","b_purp_work_bc","b_purp_work_wk","b_purp_edu_pt","b_purp_edu_bc","b_purp_edu_wk","b_temp_pt_1","b_temp_bc_1","b_temp_wk_1","b_wind_pt_1","b_wind_bc_1","b_wind_wk_1","b_ri_pt_1","b_ri_bc_1","b_ri_wk_1","b_ss_pt_1","b_ss_bc_1","b_ss_wk_1","logLike"
-6.208445,2.645348,3.614101,-0.14426,-0.117304,0.009944,0.793374,1.372544,-0.773005,0.883557,1.083164,-0.280118,3.179009,3.533841,1.455915,-0.070261,0.0953,0.011832,0.147381,-0.119205,-0.078137,0.00258,-0.067714,0.008712,0.110786,0.105682,0.016985,-34191.9263095852
-6.18388908036339,2.64937703175504,3.57028756410602,-0.144552380144831,-0.117123048891467,0.0100176722985971,0.794411026100695,1.37499782194965,-0.77640468996876,0.891866811225811,1.09282890945275,-0.284113253533753,3.18250790719658,3.5006657702179,1.42687825578357,-0.0604733115994581,0.0997776672888738,0.00755948479929705,0.137033733566683,-0.121301365959858,-0.0773324808657068,0.0120436400254903,-0.067034730044083,-0.0081650258064692,0.108473305102651,0.102718555093979,0.0197156325782254,-34166.1528161874
-6.13406760344462,2.6162249476861,3.49701819053299,-0.146140727182707,-0.117770543753556,0.0101857045662498,0.788663371241792,1.37166125557212,-0.778170807440968,0.851193828541522,1.1075160539827,-0.22767211606909,3.09873388346794,3.43373909091834,1.36880594190838,-0.0326196011224886,0.110760624428426,0.00710686761799018,0.112525438131302,-0.124903062446159,-0.0728089318987087,0.0229960950220867,-0.0732856036725032,-0.029589813611725,0.0940554582054201,0.0920138742919002,0.0143893832512979,-34154.1820862521
-6.11809253987805,2.57974265113501,3.47018329203358,-0.145792406679073,-0.117564785836075,0.0103453835621094,0.769134116425741,1.35778856054419,-0.782076098176135,0.83640695419725,1.10038136263619,-0.235523689877696,3.07274758432571,3.40348576285181,1.32716078153103,-0.0303840622953793,0.112173357470127,0.00949769798827795,0.111720893339671,-0.125298779577679,-0.0730879049496465,0.0267922217604532,-0.0744526051166658,-0.0292559463337236,0.0916405861511377,0.0894833416079776,0.0122236859078583,-34152.3433386212
-6.07874254241366,2.56027413932269,3.45623630535274,-0.144568176906781,-0.116285997981039,0.0105170875983624,0.753725343523772,1.33645282937983,-0.78598093154343,0.837314374508771,1.09720352028845,-0.237829396999546,3.06889665855254,3.39391243900274,1.3175783557577,-0.0308123643798501,0.111896696563908,0.00927927788519372,0.111438452244865,-0.125293620372131,-0.0731963718382545,0.0273626058507061,-0.0745314593539329,-0.0293823811294054,0.0918944430666002,0.0890786462934607,0.0117890985088729,-34151.5086922986
-5.91101657765985,2.49171332103821,3.40698081294124,-0.139651545557176,-0.110872203858212,0.0112610318654743,0.697198387005569,1.25142394067221,-0.800998985520757,0.836742742592196,1.08899780981389,-0.242314067948095,3.04953768047236,3.36061950384743,1.28138814944684,-0.0310001015703133,0.111835941643405,0.0101813146886304,0.110075201061617,-0.125497410298614,-0.073426298784999,0.0301467183743395,-0.0752642334938975,-0.0305426669837085,0.0916000768053459,0.087104678994291,0.0095737704632375,-34150.1783037776
-5.90612756826702,2.48891659634793,3.39917602403222,-0.139733330626024,-0.110859404692144,0.0117064916968968,0.69740843823342,1.25156214134512,-0.801289493519323,0.833526423973729,1.08668568570148,-0.244081511753169,3.04105486126241,3.34604776256071,1.26136363679086,-0.0290155278777218,0.112106660179115,0.0102776004327599,0.108075523095484,-0.125848697563428,-0.072989666065012,0.0334576663187277,-0.075769496518206,-0.0318715907516994,0.0908169875795667,0.0861447684155501,0.00933283599636044,-34149.8262694704
-5.90847231818804,2.49022845277008,3.40118524717228,-0.139560547408734,-0.110831994210216,0.0117157229379013,0.697934367874367,1.25164222148766,-0.801596502653904,0.834485783576884,1.08665511039422,-0.246542393385161,3.0464722309175,3.35529291948695,1.27000875139091,-0.030381450124149,0.11216511580674,0.010065357074656,0.109114032076225,-0.125416534006375,-0.0730226361706885,0.0305601935376802,-0.0754061927825038,-0.0308399947817173,0.0916085370495279,0.0868792136384166,0.00933323783017578,-34149.5517893386
-5.92086755395655,2.51633724390718,3.42769239436385,-0.139004990370993,-0.110446559052102,0.011778643463345,0.705541010184312,1.2565705853117,-0.802811664650097,0.843302510670028,1.09398953689404,-0.241795136060335,3.06433316335151,3.38126034247889,1.30097278545676,-0.0329723613061718,0.111077019349549,0.00977363643997544,0.111679707806815,-0.125240603841753,-0.0734536155124594,0.0277326743185349,-0.0745334757650552,-0.029650876476809,0.0929134859333421,0.0887970258024919,0.0109033400208034,-34148.6908944898
-5.93851418292091,2.53372649065319,3.44343482023937,-0.139453566311488,-0.110861921965905,0.0118009393705789,0.714474236668861,1.26664946149602,-0.80240040410923,0.843168509609194,1.09787451391889,-0.238209782876868,3.06792879163788,3.39088077541145,1.31192079751266,-0.0325946151869507,0.111187967862341,0.00981246553431804,0.111525403559575,-0.125291151269578,-0.0734312175177662,0.0271789553691608,-0.0744431778315657,-0.0297201272020202,0.0926313286227525,0.0892088069385042,0.011313513422991,-34148.5505170431
-5.95826588078459,2.53735553191138,3.44716309426619,-0.139685054465576,-0.111308188774341,0.0118179384613883,0.716859618636251,1.27376074365399,-0.802344551822795,0.841880176338113,1.09865162306747,-0.238115624555806,3.06839888657022,3.39335479307702,1.31417048015984,-0.0322773565925759,0.11131708451733,0.00967268628044801,0.111434907800659,-0.125313924090007,-0.0734171838735566,0.0270824295803544,-0.0744543115515311,-0.0296432025071989,0.0923296014198413,0.0892447524325124,0.0114419431287604,-34148.5275395926
-5.97528403251446,2.54113966628502,3.4514227719016,-0.139886250175197,-0.111712176705709,0.0118691065755911,0.718793477522457,1.27987642536649,-0.802754087160645,0.841287298241855,1.09946766027264,-0.237979337411857,3.06920760897011,3.39585894069921,1.31680984270133,-0.0318890958004673,0.11140143137879,0.00954380725355887,0.111300684730324,-0.125331297553082,-0.0734034562289552,0.0270381175290977,-0.0744577338830408,-0.0295822215604403,0.0919960586438574,0.0892865030192725,0.0115543991391818,-34148.5044606568
-5.98818587195273,2.5440454151848,3.45499049199737,-0.140016204396896,-0.112018802062875,0.011940120078149,0.719897699763323,1.28433801741448,-0.80344463474841,0.840921097773984,1.10009250649818,-0.237917098419185,3.06979783170404,3.3977488149359,1.31880980314321,-0.0315927659390061,0.111457068705071,0.00945475898780782,0.111213198931328,-0.12534609866519,-0.0733997255656436,0.0270174162431992,-0.0744575169741719,-0.0295338534373857,0.091758491558911,0.0893197293448308,0.0116341651496332,-34148.4919895311
-5.99023968642488,2.54448996937608,3.45561367792099,-0.140041224284955,-0.112082807458984,0.0119724698337247,0.719945230955848,1.28504897494425,-0.803741075906061,0.840924961907076,1.10011675292149,-0.237997749013571,3.06985593277162,3.39791367727359,1.31909720301745,-0.0315262146654722,0.111463605356634,0.00945485871966669,0.11120381547953,-0.125348519528713,-0.073405551504641,0.0270016353686176,-0.0744540839805553,-0.0295017615052402,0.0916985008359058,0.0893182731745477,0.0116449045043989,-34148.4882041888
-5.98909926527526,2.54419141766293,3.45533190165187,-0.140048170178198,-0.112090901892066,0.012002337864663,0.719681749221637,1.28471874394169,-0.80397544694264,0.841082795462448,1.09989455166459,-0.238190516770384,3.06973538703952,3.39744817285721,1.31884432554384,-0.0315165009484908,0.111455250990508,0.00949098715031451,0.111223539979742,-0.125346966390364,-0.0734184219225796,0.026976217422124,-0.0744471835768664,-0.0294546373954472,0.0916764368156847,0.0893005948479149,0.0116347985636485,-34148.484228445
-5.98496974586498,2.5432530995493,3.45427004762571,-0.140028725508708,-0.112031047716839,0.0120175961802086,0.719169615632693,1.28336721726283,-0.804068871188869,0.841355164630234,1.09952409636467,-0.238415203902071,3.06948264132453,3.39651826328051,1.31807415030237,-0.0315792290485749,0.111431669505809,0.00954445793319287,0.111266889126671,-0.125342478466109,-0.0734322659289627,0.026962550384173,-0.0744407325653069,-0.0294230169412167,0.0917172618570234,0.0892751977872607,0.0116056688220426,-34148.4809063267
-5.97894321759095,2.5419474041044,3.45281050182976,-0.139980362288951,-0.11191580757766,0.0120211874681636,0.718459260992683,1.28129598892483,-0.804083843278714,0.841682243706503,1.09911831546866,-0.238614775110383,3.06916287055368,3.39538325021945,1.31697689325166,-0.03169591368601,0.111396876410066,0.00959990309108853,0.11132096123702,-0.125336866411079,-0.0734438737369783,0.0269693745432536,-0.0744366726723846,-0.029419019335502,0.0918117225658412,0.0892499989316223,0.0115645536529133,-34148.4781538011
-5.97032239390437,2.54020156052163,3.45166087829413,-0.139781520067715,-0.111641237445348,0.0120278767584892,0.71667621454145,1.27749261537151,-0.804510346417131,0.841911936831324,1.09903173223044,-0.23854738353508,3.0686223097015,3.39436838362424,1.31511951098095,-0.0319123234852472,0.111340939060962,0.00960426142222146,0.111338095428984,-0.125336525408036,-0.0734312251747829,0.0271260800238088,-0.074462038169262,-0.0296007088348143,0.0920733925450911,0.089242445747251,0.0114737255088153,-34148.474107301
-5.96723785723536,2.53964570077224,3.4511938515895,-0.13968846200609,-0.11152282580943,0.0120293110240289,0.71607679067059,1.2761007628366,-0.80460177997847,0.841877746870503,1.09904357051998,-0.238422116257942,3.06851320164268,3.39423896347229,1.31492088984437,-0.0319687448762892,0.111323628956688,0.00962947000273027,0.111336435020276,-0.125335084695581,-0.0734329340762657,0.027127342550381,-0.0744597226270568,-0.0296178487579755,0.092102918568242,0.0892505023711561,0.0114685534465191,-34148.4732984494
-5.9640274759871,2.53884753652287,3.4505031506465,-0.139569113616724,-0.111383668365102,0.0120297448939502,0.715332257785086,1.27452487785221,-0.804673949139517,0.841859677162074,1.09906204590591,-0.238359780246848,3.06844767486812,3.39419227166941,1.31481587576455,-0.0320241230823556,0.111310732388975,0.00963156888780478,0.111327574673265,-0.125332932918408,-0.0734292177456153,0.0271180239672482,-0.0744585206036878,-0.029634051478012,0.0921185845709728,0.0892566302160414,0.0114647074262205,-34148.4729420408
-5.96400919364616,2.53882514936543,3.45044489309293,-0.139562232168966,-0.11137862944952,0.0120286667403329,0.715329440748107,1.27450857380086,-0.804649942841425,0.841847114622502,1.09907019848742,-0.238353902230972,3.06845919284189,3.394227891102,1.31486518889146,-0.0320219296178016,0.111312320714595,0.00963501646464935,0.111324087418214,-0.125332259916654,-0.0734288553235578,0.027113958892166,-0.0744580955315612,-0.0296317563758223,0.092114016657035,0.0892570172877671,0.0114646876522397,-34148.4729186683
-5.96415776838025,2.53878006142655,3.45032014466585,-0.139550691071616,-0.111373189523131,0.0120254080591409,0.715345846204463,1.2745433092345,-0.80458559242846,0.841822447081973,1.09908721063159,-0.238349965922708,3.06849019786817,3.39431423943776,1.31498393595839,-0.0320129159408205,0.111316972391054,0.00963806559725531,0.11131754768218,-0.125330878501306,-0.0734280691244773,0.0271047631779963,-0.0744569734697797,-0.0296240089140085,0.0920990151675968,0.0892575998411883,0.0114667690071182,-34148.4728838287
-5.96425856058718,2.5387864284248,3.45031111840464,-0.139552744782223,-0.111376226718953,0.0120241793910924,0.715370049216163,1.27458954546911,-0.80456825051243,0.841820484919125,1.09908752719665,-0.238350413375395,3.06849554904469,3.39432369224307,1.31500091067657,-0.0320104746213965,0.111317908050636,0.0096375918484195,0.11131698013271,-0.125330721616053,-0.0734278020198151,0.0271038683089868,-0.0744568206204859,-0.0296225941473477,0.0920967186445783,0.0892574476374133,0.0114674110803993,-34148.4728743845
-5.9644643499579,2.53880997276166,3.4503137576717,-0.139560960062173,-0.111385040113702,0.012021566373513,0.71542850390079,1.27469470498578,-0.804537151190316,0.841822212949158,1.09908331791689,-0.238352647853106,3.06850168792063,3.394324964925,1.31501345448613,-0.0320070507404435,0.111319106595446,0.00963556506927718,0.111317719313722,-0.125330654114989,-0.0734274196394681,0.027103888563238,-0.07445672220495,-0.029620867177278,0.0920948027594757,0.089256905384729,0.0114685069569601,-34148.4728612113
-5.96449930513762,2.53882411342056,3.4503315126257,-0.139566092927658,-0.111388927788011,0.0120209025627226,0.715448925199022,1.27472377878864,-0.804533823170148,0.841827361704201,1.09907821802189,-0.238354021002181,3.06849904537662,3.39430965331766,1.31499695555561,-0.0320078465927304,0.111318735655821,0.00963441527576511,0.111319385095641,-0.12533084379722,-0.0734274740508773,0.0271054144997222,-0.074456891730933,-0.0296215675843555,0.0920970197469717,0.0892565960099222,0.0114684666368543,-34148.4728573221
