"asc_pt_1","asc_bc_1","asc_wk_1","asc_pt_2","asc_bc_2","asc_wk_2","asc_pt_3","asc_bc_3","asc_wk_3","b_tt_cr","b_tt_pt","b_tt_am","b_tt_cr_sqrt","b_tt_pt_sqrt","b_tt_am_sqrt","b_purp_work_pt","b_purp_work_bc","b_purp_work_wk","b_purp_edu_pt","b_purp_edu_bc","b_purp_edu_wk","b_temp_pt_1","b_temp_bc_1","b_temp_wk_1","b_wind_pt_1","b_wind_bc_1","b_wind_wk_1","b_ri_pt_1","b_ri_bc_1","b_ri_wk_1","b_ss_pt_1","b_ss_bc_1","b_ss_wk_1","b_temp_pt_2","b_temp_bc_2","b_temp_wk_2","b_wind_pt_2","b_wind_bc_2","b_wind_wk_2","b_ri_pt_2","b_ri_bc_2","b_ri_wk_2","b_ss_pt_2","b_ss_bc_2","b_ss_wk_2","b_temp_pt_3","b_temp_bc_3","b_temp_wk_3","b_wind_pt_3","b_wind_bc_3","b_wind_wk_3","b_ri_pt_3","b_ri_bc_3","b_ri_wk_3","b_ss_pt_3","b_ss_bc_3","b_ss_wk_3","delta_2","delta_3","gamma_CarAtt_2","gamma_TrainAtt_2","gamma_BTMAtt_2","gamma_BikeAtt_2","gamma_CarAtt_3","gamma_TrainAtt_3","gamma_BTMAtt_3","gamma_BikeAtt_3","logLike"
-5.620169,4.721443,4.521863,-7.795419,1.39338,3.11892,-3.685272,3.085406,6.03873,-0.178773,-0.11813,0.014021,1.108058,1.371337,-0.86528,1.218444,1.508054,-0.00807,3.318081,3.249048,1.361123,0.067803,0.10083,0.048847,0.009828,-0.043668,0.061817,0.157133,-0.133819,-0.089066,0.152124,0.110137,0.090614,0.101146,0.12324,-0.110617,0.105944,-0.088511,-0.084278,-0.048181,-0.073155,0.017857,-0.119329,0.052619,0.13842,-0.131787,0.389229,0.162371,0.109454,-0.393722,-0.276308,-0.152604,-0.141711,-0.108578,0.057191,0.033402,-0.174331,-1.175873,-3.297564,-0.515475,0.274453,-0.130794,1.059832,-0.407004,0.174715,0.29693,0.336879,-31491.4622403212
-5.59909462611769,4.67848611522485,4.54151164370208,-7.74955364265557,1.40698210151811,3.14557867511604,-3.66365415811359,3.0550045600322,6.07268580739869,-0.178371956452987,-0.117979343492991,0.0140261934882043,1.1110103394257,1.37358952192213,-0.866752279000551,1.21442954860919,1.48649926134205,0.00470225180179105,3.35511116228551,3.2660447061667,1.37936832043306,0.0583478331791174,0.106446235594,0.0446927832360664,0.0257038399115604,-0.0471013872168025,0.0567717574624856,0.153681522356158,-0.129789383943488,-0.090840040621564,0.152113361617741,0.112321889709427,0.0880352624240083,0.0743919303068997,0.120713648558072,-0.102457098793497,0.102233758795179,-0.0968993856051098,-0.0828249724535737,-0.0698365983744475,-0.0782812566946777,0.0133077315238327,-0.099292492890155,0.0595731113372212,0.131398367302278,-0.136253390899188,0.394791760167894,0.160969714006544,0.118419099968408,-0.399165103025577,-0.275626837358969,-0.167876832450325,-0.136064808544984,-0.105318049017724,0.0571015439932215,0.036795113399311,-0.176920916145167,-1.04375035084946,-2.90535143461774,-0.327054318514836,0.151034550682744,-0.180963540546138,0.781947023133662,-0.407928350243554,0.213981982736877,0.351375138866689,0.281211125317224,-30805.3578319485
-5.66788807691565,4.46855937605705,4.39999992788404,-7.76775611473416,1.40712347729774,3.13753201612833,-3.78035415748609,2.92947625806991,5.96801564945877,-0.167024101472291,-0.114008108755491,0.0145694317205169,0.986685107134444,1.31713339012826,-0.896415905165104,1.089067102317,1.49503575813568,-0.0515301989277837,3.39135997089595,3.45444042861709,1.5154095696991,0.0383312647115712,0.108141586997211,0.0277705727372123,0.0697049714491732,-0.0545765506997981,0.0572140949692616,0.16646212200398,-0.122441974123279,-0.0869595195882387,0.167533590293502,0.111594299732108,0.0832496549648803,-0.10840331424494,0.0853731961726959,-0.0826826121638456,0.0606073762283543,-0.118622350033766,-0.0775826045320055,-0.141143762047678,-0.0922702744390443,-0.0183976279021774,0.038295912368647,0.09743870816806,0.111934710224289,-0.0971019425991585,0.393958500151628,0.16839771725464,0.117219054861068,-0.416164242764623,-0.276741734546534,-0.155087744761155,-0.1385984861524,-0.110328639696324,0.0421415042904946,0.0440354432673826,-0.170604287051204,-0.593568867552448,-1.82132500892155,0.0930046413526395,-0.0720569118149597,-0.0363041352402055,0.0818805811999684,-0.231128150387425,0.129554220514089,0.364789736896234,0.0152357953724024,-29640.0555758144
-5.63872613696853,4.41773073111927,4.3109699729651,-7.66637278310712,1.39594095072075,3.13115673178866,-3.74002064260589,2.93951741733106,5.99202835622144,-0.160759974994591,-0.109149030204901,0.0150641373078946,0.917945959117379,1.24812669065318,-0.920364950901474,1.07625910382147,1.52296088029925,-0.0563995849869238,3.40972350648129,3.72223209845157,1.65121068430403,0.0573662913464421,0.103963545610674,0.0105805645085815,0.00821287722851293,-0.0551558395316441,0.0696623615544972,0.177098358327728,-0.128563843096917,-0.0850516951441179,0.173526102253882,0.107099856468924,0.0888994504489447,-0.0373348628137929,0.118921768671887,-0.0264616315728678,0.137679147446318,-0.140646572366438,-0.0922082013983368,-0.0264763799062775,-0.0757000505509641,-0.0324397710948178,-0.0715240592962303,0.0684726682658973,0.0817284294637657,-0.101933374959776,0.383980933085961,0.192818823759282,0.160275936640506,-0.414833565971481,-0.274268776757479,-0.14726766194176,-0.189796048845997,-0.110370014428093,0.0607805372072273,0.0565134461823957,-0.167732239798736,0.119610884203711,-0.591461241089141,0.553723588393019,-0.285472831275345,0.00583430782668605,-0.850561648801106,0.0969221893788993,-0.0875269954053585,0.330198515907004,-0.634849286322714,-29197.2894858712
-5.58316529931036,4.57139590392865,4.40336698668524,-7.61975299500711,1.41957593577211,3.13563867270106,-3.65348767976492,3.03834606067108,6.07982475019637,-0.167175084802784,-0.111529799679717,0.0148826711941665,0.990549034912908,1.27754638235166,-0.9083757105509,1.13696909503399,1.51760353172598,-0.0363236284410001,3.40145926467252,3.74603658206938,1.60275790381826,0.0682174840398392,0.101800303386415,0.0201496306052309,-0.02143266110439,-0.0499652665795645,0.0679641682682688,0.178244302655767,-0.132459135660499,-0.0810963383035037,0.16179833165429,0.107543928862759,0.0918037469985875,0.00264085046367322,0.116193501747479,-0.0469170642157297,0.136601234997376,-0.121713719033881,-0.07961407683822,-0.0384668609308809,-0.0719036970821916,-0.0179650245846137,-0.0432127470140602,0.0457700660441096,0.0956524572662604,-0.112431614286915,0.379088636375918,0.179618319196019,0.15566177107531,-0.402931547439861,-0.263802363427993,-0.15165308065491,-0.157235556416562,-0.117389580614372,0.0659724158299788,0.0609641642717086,-0.165275112617517,0.0226608387105044,-0.82989417261995,0.511468046676563,-0.25281294130108,0.00749835491436054,-0.809663490061482,0.0829563819392527,-0.0336802523628952,0.322882140531098,-0.611449313169128,-29156.106743245
-5.54894015198829,4.65705338624142,4.45045156723107,-7.56569795422302,1.40329072946875,3.10476491262276,-3.59762688849193,3.07277690150581,6.10581622712595,-0.170740534083304,-0.112987072446417,0.0147598807924314,1.02814850388506,1.29192505115456,-0.900052094444989,1.15883249822525,1.50069175231209,-0.0391414017748525,3.40928572645861,3.75559393697461,1.55803962429138,0.0826010149869675,0.101141778303212,0.0326916798706751,-0.0224154057327618,-0.0462059685544991,0.0618700961069858,0.183631351309213,-0.135969414106507,-0.0796188124588127,0.146219607898144,0.10451048836956,0.0912725929907033,0.0193064930215539,0.106240247915409,-0.0716840345878747,0.13732897677419,-0.107330118929676,-0.0768288982517003,-0.0239780517180307,-0.073302217866638,0.000815863922935464,-0.0279416974883778,0.0348924311508335,0.114968024703409,-0.119059427776362,0.370338915937537,0.166243803134611,0.145540515107791,-0.386226781844918,-0.251101601455771,-0.156952049451884,-0.143186265193585,-0.117116874476774,0.0684733485694246,0.0572106155829571,-0.164025582890442,-0.00330731144668495,-0.869741928861361,0.509808552488419,-0.247862198709789,0.00606883761590974,-0.802688881052152,0.0951612369384888,-0.0154267807181779,0.317559699495132,-0.613890391141743,-29146.245434958
-5.54699439714149,4.67656736562683,4.45937055746117,-7.54976677582892,1.37995811864135,3.06749726714507,-3.59726696541849,3.06157065190828,6.08573583858204,-0.171823229019147,-0.113744467907119,0.0146893673013641,1.03755619197824,1.29830247446245,-0.895449931161636,1.16326761400567,1.48659455441368,-0.0478852666638118,3.41285462818251,3.74557053988269,1.52609988875855,0.0903459274213306,0.101069026499712,0.0387934103288819,-0.0180495554060043,-0.0443903247164233,0.0577523138407373,0.184696157141148,-0.136448425549075,-0.0796664031706444,0.142302327955287,0.102851671902749,0.0923871161753074,0.0165380206089923,0.0944306498009551,-0.0881800111940581,0.130462832978037,-0.100056733815446,-0.0772562067126859,-0.0197650806530113,-0.0758270895179769,0.0108398755413438,-0.0309568620725047,0.0370102474282878,0.126240619046063,-0.122122383018426,0.359715127242685,0.156538307076045,0.139076778823224,-0.375256962048451,-0.242988557166689,-0.15867610575488,-0.141888790046838,-0.114363243192336,0.0661574129044228,0.051149562921814,-0.164292914596656,-0.00519506794066061,-0.845921461042948,0.516730107144616,-0.250265930911256,0.00758440751102731,-0.810292842433309,0.10478116010961,-0.016360982760022,0.314982365649386,-0.621835658171436,-29143.9848355569
-5.56337446331615,4.67291711845878,4.45609624429934,-7.56100793696093,1.36032670454731,3.03407010480446,-3.62574350303559,3.03703887569938,6.0532836905797,-0.172145118918918,-0.114354163816866,0.0146401518863007,1.03832722266398,1.30432083238838,-0.892515570733814,1.16080510932314,1.47735054146309,-0.0551309881625533,3.40863597656225,3.73011388091425,1.50242623763446,0.0936893476971878,0.101185597706006,0.0411362169784288,-0.0134001859533529,-0.0435853456656769,0.056057589421487,0.185132836797098,-0.13602406953974,-0.0803936123476297,0.143110126158816,0.102581081475454,0.0940075977444453,0.00837011528589883,0.0864889079676391,-0.0968786900696196,0.126937136934864,-0.0969712541748598,-0.0789761503370493,-0.0192259803511312,-0.0766200877566011,0.0160563056501434,-0.0374230024681057,0.0412991113261858,0.131121784429111,-0.124368101190371,0.349242778258176,0.148386177370733,0.136404565244987,-0.369357213283437,-0.237925377851735,-0.159385850229035,-0.143451564047456,-0.112980308161487,0.0632073807319917,0.046313162804232,-0.164421726033545,-0.00562695685832104,-0.818114321592465,0.522623633455062,-0.252986954380096,0.00940859535309276,-0.816777100441913,0.110644575095269,-0.0210354729146351,0.313407446765224,-0.626565482424525,-29143.2006211597
-5.58500131053601,4.66453799319929,4.45142449069793,-7.58531553565896,1.34839301140437,3.00974414296543,-3.66310347055669,3.01384928140639,6.02465127540163,-0.172325673464728,-0.114909088399129,0.0146051808015833,1.03786298755618,1.31090138699843,-0.890652601548961,1.15612813143111,1.47294859551932,-0.0589768972278019,3.40106827418926,3.71756659528902,1.48812392806688,0.0946525492402707,0.101450612260342,0.0416591389879572,-0.0104455006924509,-0.0434261232977618,0.0557461236692359,0.185467631789184,-0.135497878690056,-0.0810199902920784,0.144903411928885,0.103022804609373,0.095371883024822,0.00192331550316562,0.083415635155155,-0.099951112755293,0.125349150284862,-0.0964447189643594,-0.0812911733268954,-0.0204784606476803,-0.0766211015496681,0.0185297670837868,-0.043034139232862,0.0439067744639522,0.132165150252462,-0.125895020681639,0.341079550511897,0.142590972910069,0.135979224729295,-0.367175881744448,-0.235151676030914,-0.159410525404411,-0.145232188808876,-0.113285792778582,0.0608918469567187,0.0433892698647446,-0.164668467872747,-0.0080951773188247,-0.799633343083719,0.525974051848863,-0.254948125002289,0.0106795610378703,-0.820763701648448,0.113653827975969,-0.0250006456944609,0.312401463622092,-0.629002589921211,-29142.8610994098
-5.60706817750617,4.65724839889373,4.44833784153643,-7.61509309181496,1.34165350501864,2.99097237951062,-3.70306491112291,2.99303759994956,6.00044990531111,-0.17256981337568,-0.115469858975919,0.0145761219737215,1.03828810274454,1.31819885591053,-0.8892717611079,1.15067016227064,1.47117213696892,-0.0608080456374293,3.39265710822576,3.70849123113755,1.47969509270054,0.0946448623109243,0.101857685983116,0.0416593587405571,-0.00872696136134621,-0.0435725093312119,0.0559214715969669,0.185685356370574,-0.135080423345628,-0.0814504423437724,0.146492090301964,0.103644627029033,0.0963406437141445,-0.0022967128867487,0.083036264570718,-0.100490746204259,0.124789642925606,-0.0969211848603086,-0.0839957068634026,-0.0219215371851082,-0.0764472354313719,0.020120390049695,-0.0475038179884116,0.0449705684505897,0.131736609607959,-0.126840206650724,0.334699045759978,0.138383544426874,0.136190632279738,-0.366918331134108,-0.23353356785613,-0.159052957651068,-0.146744938727978,-0.114678858845142,0.0591328260159785,0.0416691550186712,-0.165096220016727,-0.0123812729368829,-0.787277946716021,0.527810567938974,-0.256280093126409,0.011441393057022,-0.823219736532491,0.115465701750272,-0.0281008206324777,0.311472150510654,-0.630415104027705,-29142.6601116529
-5.62253614832658,4.65384824796756,4.44800860413261,-7.6403274598817,1.34029187590766,2.9802944324612,-3.73432905220621,2.97864084192093,5.9853709969488,-0.172847805970937,-0.1159075828645,0.014556750474615,1.0397569369955,1.32425535552833,-0.888496846446913,1.14613838632472,1.47141298377125,-0.0610261148080752,3.38640011220179,3.70468266360363,1.47771932728869,0.0940585991712904,0.102272917376184,0.0414965006008439,-0.0082353350464014,-0.0438569052498663,0.0562444115089861,0.185668626257521,-0.134881411452626,-0.0815974907886912,0.147294336469931,0.104110500862407,0.0966816836629604,-0.00360122210692215,0.0842375123976921,-0.0996108718516382,0.124834346542211,-0.0976749357338498,-0.086375434727932,-0.0229575561655356,-0.0762896826663716,0.0210665633254235,-0.0500910014747319,0.0447063161868319,0.130830949499083,-0.127017656718179,0.331408638610268,0.136438558910358,0.136387046775322,-0.367943078568681,-0.232998167906121,-0.158504123725085,-0.14762055802199,-0.116488652209255,0.0582399886415208,0.0412216578246794,-0.165567837237425,-0.0169774678149406,-0.781534591270311,0.528328348711274,-0.256908437904159,0.0116349029252456,-0.824136536572917,0.116300942292805,-0.0299307891575589,0.310675091864466,-0.631009489259226,-29142.547595261
-5.6310175013904,4.65368273558359,4.44977873630166,-7.65913794602256,1.34235275885558,2.97547366750502,-3.75625831700303,2.96911812505798,5.97731082378125,-0.173125302971932,-0.116214927477448,0.0145445404053105,1.0418170770784,1.32873248109763,-0.888157420795944,1.14273760870959,1.47267817688106,-0.0604165350369735,3.38256679526049,3.70479750285948,1.48011907076479,0.0931685539802348,0.102622033030368,0.041286363426181,-0.00845033062143253,-0.0441703470993052,0.0565596440084093,0.18541709150062,-0.134843846981534,-0.0815494187085728,0.147418463409157,0.10436076475717,0.0965372892066298,-0.00291341217539777,0.0859583980346867,-0.0982171447958746,0.125157479380184,-0.0983355504671742,-0.0883144836113754,-0.0235061045782627,-0.076191227216678,0.0216851474985274,-0.0512718190638627,0.0437483043885814,0.129985420010229,-0.126613891280209,0.330676482787927,0.136189152279403,0.136329090896804,-0.36958928337,-0.233136063293602,-0.157884610132011,-0.147984398514494,-0.11832544902371,0.0580024188458649,0.0416013410595375,-0.166010500143707,-0.021167331644336,-0.779928685313945,0.528115581692721,-0.257088167109482,0.0114626456044547,-0.824105295481003,0.116616293642874,-0.0309111109122184,0.309960512066737,-0.631205270066117,-29142.4791100358
-5.6320088624231,4.65580947519546,4.45267789317255,-7.66864010727573,1.34606621192828,2.97536571849223,-3.76643228873171,2.96444941708851,5.97547623667784,-0.173332617449344,-0.116354944294684,0.0145391588576892,1.04374285958256,1.33094594491375,-0.888171927869632,1.14091235649367,1.47415757966471,-0.0595388958573838,3.38145956623799,3.70751361311127,1.48480623110725,0.092241340427398,0.102806440225552,0.0410718084464482,-0.00896819791861759,-0.0444085727741648,0.0567650371250806,0.185004504232709,-0.13491631687779,-0.0813942898785905,0.147033670815863,0.10437867875684,0.096076114459289,-0.00111085621713696,0.087379155422589,-0.0969589232096754,0.125514318922823,-0.0986744858599792,-0.089500022613669,-0.0235680790416423,-0.0761671171388655,0.0220228624822954,-0.051311721662493,0.0426525308504031,0.129527635297968,-0.125877192538093,0.332037178041879,0.137147747392899,0.136021660962695,-0.371209562723338,-0.233652694309228,-0.157367822889007,-0.147931566105868,-0.119694368675838,0.0582561173137232,0.0424024549838171,-0.166317921712753,-0.0239683434847503,-0.781068102292873,0.527576053844118,-0.256976481680077,0.0111063880062311,-0.823541055240049,0.116624793935871,-0.0312069173220061,0.309439712364125,-0.631236627749134,-29142.4404842249
-5.62794908611246,4.65896619354322,4.4559364692336,-7.67107793471659,1.35010562562956,2.9777134961448,-3.76819226494069,2.96268431197732,5.97719846265928,-0.173464611331279,-0.1163729980268,0.0145377019731318,1.0452550402329,1.33142899107826,-0.888378651112557,1.14023600580207,1.47543217202616,-0.0587136901618004,3.38217832625446,3.71130395652847,1.49004198181054,0.0913646875700241,0.102832888659393,0.0408439946646387,-0.0094975488194269,-0.044554035366658,0.0568607350529135,0.184506847608845,-0.135038161367156,-0.0812146873289678,0.146398653173572,0.104248156419883,0.0954772443790954,0.0010301497219248,0.0882719280732776,-0.0960227044045434,0.125797374259298,-0.0987202842101578,-0.09007758872054,-0.023330130467479,-0.07619020544627,0.0221973590832513,-0.0507574873243516,0.0416976931313967,0.129442239528347,-0.125024545458434,0.334592486482915,0.138666645088682,0.135587338066885,-0.372573471572249,-0.234300820448529,-0.156990373283635,-0.147662725633865,-0.1205564173309,0.0587470444245725,0.0432927733245562,-0.166492727210778,-0.0254702107330101,-0.783423392322552,0.526991718755134,-0.25674389346501,0.0107061067945155,-0.822809149562895,0.116530591541075,-0.0311484410489048,0.309101569446035,-0.631288429224248,-29142.4174215381
-5.62151342487601,4.66193403169754,4.45872042615167,-7.66857735339546,1.35327925930372,2.98068479065406,-3.76451061749267,2.96257640664997,5.98033887074373,-0.173515581644744,-0.116311967232821,0.0145381014637594,1.04609645541837,1.33070978169425,-0.888638029577106,1.1403655806954,1.47618838250766,-0.0581692308576673,3.3838342316281,3.71472465511927,1.49420534956038,0.0906714181783107,0.102727965081658,0.0406233985601202,-0.0098354433132819,-0.0445965625006232,0.0568560510826891,0.184042366937953,-0.135157841321161,-0.0810799468189316,0.145771214168872,0.104059369015853,0.0949270583557967,0.00280041869848067,0.0885361117907338,-0.0955265888549214,0.125937485460794,-0.098547485779372,-0.0901512656767179,-0.0229798094074804,-0.0762302726334649,0.0222610184720275,-0.0500549393261718,0.0411050329296523,0.129644526271887,-0.12429106521093,0.337359907848294,0.140131032204084,0.135188601164466,-0.373465747339185,-0.234863957705343,-0.156799942887476,-0.147348716658149,-0.120873675269512,0.0592374051383875,0.0439850796386646,-0.166533293215991,-0.0257699486764901,-0.785805712739315,0.526569150637464,-0.256520175556927,0.010386164411065,-0.822199660040718,0.116451138157564,-0.0309606077068963,0.308964747213596,-0.631439870260901,-29142.4044445182
-5.61476408669949,4.66421195314085,4.46083400753061,-7.66385405592857,1.35535702626413,2.98321257329782,-3.75866588231371,2.96293486760027,5.98340681378273,-0.17351072155148,-0.11621942454459,0.0145385171362403,1.04638018886791,1.3294564687974,-0.888864071242168,1.14086151516701,1.47646657663936,-0.0578982590366399,3.38568264846388,3.7172233611601,1.49692872417209,0.0901470382605849,0.102546126831725,0.0404110675563266,-0.00995642377839681,-0.0445661851519656,0.0567890102480531,0.18365301102986,-0.135254128062,-0.0810080468168752,0.145268688318886,0.103876822381122,0.0944904118628621,0.00400188568862137,0.0883561500782502,-0.0953559918361069,0.1259542078664,-0.0982719220764846,-0.0899412560485631,-0.0226441953602088,-0.0762643419207001,0.0222706629850187,-0.0494572863522012,0.040845734743586,0.129990345455523,-0.12373689774716,0.339821356215849,0.141280328184933,0.134891188627583,-0.373968552780198,-0.235279582379276,-0.156761204354657,-0.147078021742307,-0.120817936026106,0.0596109202036061,0.0444247509276725,-0.166479968927203,-0.025332158249978,-0.787690036416495,0.526342870869798,-0.256362488090883,0.0101756661744371,-0.821796909612028,0.116429112238549,-0.0307925110448147,0.308974893008206,-0.631698934200699,-29142.3968784589
-5.60947057042001,4.66548593079466,4.46212219261536,-7.65919249067974,1.35627986821398,2.98465142804219,-3.75329184041612,2.96306673333267,5.98540565364667,-0.173474926209128,-0.116134665749994,0.0145378534930698,1.04626147708401,1.32824213115345,-0.888996480703293,1.14139250535093,1.47637294931756,-0.0578498902867399,3.38713425507368,3.71848753906429,1.49809985020955,0.0897990584256638,0.102349162210315,0.040227161594523,-0.00988897859246369,-0.0444967400369266,0.056698215526967,0.183384337994239,-0.135313348779066,-0.0809998840807404,0.144969213346239,0.103749686651069,0.0942153668337509,0.00455072729871362,0.0879517340133143,-0.0953938271976552,0.125885500455546,-0.0980047983682286,-0.0896341778627229,-0.0224112741476621,-0.0762788265926644,0.0222585337316241,-0.0491085279437057,0.040851330416981,0.130340653019463,-0.123402939276456,0.341545950928329,0.14195277069428,0.134727680012886,-0.374162642821464,-0.235514482476881,-0.156831086845559,-0.146903765183531,-0.120563658507487,0.0598003141502022,0.0446083296120861,-0.166376604828674,-0.0245896897370198,-0.788770896036944,0.526303275033614,-0.256298205728105,0.0100848593039468,-0.821628919656324,0.116466537677221,-0.0307222408282067,0.309074191204289,-0.6320165196968,-29142.3926693681
-5.60602423610027,4.66594414149594,4.46278540924579,-7.65567964820721,1.35641660770347,2.98506978908197,-3.74948752078963,2.96273057583616,5.98621830107529,-0.173430556153046,-0.116074169874094,0.0145357573402899,1.04595600653378,1.32733656507887,-0.889033111481193,1.14179764028684,1.47608769288565,-0.0579169895279622,3.38803728963542,3.71877944649664,1.49819324941368,0.0895729312722638,0.102172187332757,0.0400721317672001,-0.00971211467178061,-0.0444177071166516,0.0566096957792386,0.183220010571614,-0.135341832133933,-0.0810336833174016,0.14484087569458,0.103683508991299,0.0940698200204366,0.00463011736853385,0.087512328767267,-0.0955120190801858,0.125779786611873,-0.0977992307275155,-0.0893497887493103,-0.0222847044727934,-0.0762739579338376,0.0222444506047009,-0.0489842806054114,0.0409960548597057,0.130626722601285,-0.123233499472878,0.342571599274578,0.142237861129052,0.134662448844368,-0.374189901310946,-0.235617037488551,-0.156953716200801,-0.146815280218916,-0.120264273809459,0.05983830631014,0.0446270864537547,-0.166260701098633,-0.0238517534383642,-0.789184281373132,0.526380359022712,-0.256308293401693,0.0100783785670305,-0.821627021925967,0.116540422596274,-0.0307497784848689,0.309206141309674,-0.632348335659813,-29142.3902595936
-5.60445837351044,4.66584110470533,4.46300844473312,-7.65382026797088,1.35612594653148,2.98473456703714,-3.74766353870605,2.96199279925603,5.98603264804889,-0.173393825466457,-0.116044595030173,0.0145324594219327,1.04564029436841,1.32686673211182,-0.888990538602786,1.14201040707968,1.47576826241569,-0.0580126476803106,3.38838555958436,3.71843897585713,1.4976904696135,0.0894364705665294,0.10204227017943,0.0399537433416134,-0.00950665739838844,-0.0443518781470156,0.0565419679712198,0.183142660593666,-0.135347968717215,-0.0810851096421275,0.144835490952295,0.103670842569078,0.0940191185329139,0.00443822138836444,0.0871748928932168,-0.0956231606277465,0.125678757048757,-0.097682227261505,-0.089158773929078,-0.0222477306294674,-0.0762556128730181,0.022237470842381,-0.0490218970572488,0.0411735589346916,0.13080896880787,-0.123177769295593,0.342999653831214,0.142254096050054,0.134657069712298,-0.374150617797323,-0.235635330224873,-0.157079349496637,-0.146792674562584,-0.120027564429094,0.0597793307738341,0.0445653475828926,-0.166162890941636,-0.0233173586107696,-0.789134052884571,0.526504379694801,-0.256363149720443,0.0101193555185576,-0.821716914569868,0.116622636450802,-0.0308430899637435,0.309327046441736,-0.632640325486247,-29142.3889152393
-5.60423235861092,4.66547636392342,4.46300476411609,-7.65334239835111,1.35571512905771,2.98402648814666,-3.74738571781392,2.961054795942,5.9852701945224,-0.173370496467572,-0.11603966219377,0.0145283742473384,1.04540796197244,1.32676196155758,-0.888899851694664,1.14206572426651,1.47550474736016,-0.0580856959582699,3.38835065944414,3.7178308424257,1.49701086769401,0.0893532951234545,0.10196010786966,0.0398677969698992,-0.00932416503466065,-0.0443067868352945,0.0564978320487361,0.183119743080734,-0.135342681460528,-0.0811356156183321,0.144890847153525,0.103690836527423,0.0940186588082293,0.00415690416964392,0.0869769958537271,-0.0956896161158776,0.125603096997884,-0.0976397598143132,-0.0890651634263996,-0.0222634247914174,-0.0762314340526615,0.0222387773766387,-0.0491376432493987,0.0413213806754978,0.130899157569872,-0.123179650009844,0.343054740964242,0.142143138576539,0.134674431125704,-0.374108603819376,-0.235618020806361,-0.157181384643739,-0.146806600965874,-0.119886790710594,0.059683767812423,0.0444888955143903,-0.166093665517932,-0.0230181408068429,-0.788868431353065,0.52662510135639,-0.256432798701417,0.0101751342720333,-0.821833246126506,0.116694952679795,-0.0309610188157962,0.309420075617854,-0.632873217204337,-29142.3881453091
-5.6047899689485,4.66507913968772,4.46291833341269,-7.65379502627968,1.35538148835035,2.98327629334364,-3.74806330664102,2.96016037211766,5.98434027964247,-0.173361604380013,-0.116050573479678,0.0145241101653744,1.04529942649913,1.3269048622231,-0.888792937026496,1.1420212307976,1.47534384607069,-0.0581144968168591,3.38811395614881,3.71723470479079,1.49643693507011,0.0893050166619296,0.101921246966983,0.0398129479163573,-0.00919758100167048,-0.0442841234736393,0.0564759304263753,0.183126227327017,-0.135334090735328,-0.0811725543504257,0.14495900589832,0.103723632952122,0.0940370414320782,0.00391098742445824,0.0869144780585885,-0.0957037085720777,0.125562694179532,-0.0976491800035165,-0.089051393737869,-0.022300234122816,-0.076208481481139,0.0222460899922368,-0.0492637221283368,0.0414087124924825,0.130918895384297,-0.123201915922794,0.342922133412174,0.142008922268017,0.134691599035317,-0.374092150800428,-0.235596094317956,-0.157245891941106,-0.146834244108317,-0.11984191328966,0.0595968693440917,0.0444354722297649,-0.16605620918593,-0.0229275856339933,-0.788576114153768,0.526711163284554,-0.256493738057791,0.0102233213537079,-0.821931161789734,0.116745217730726,-0.0310667269580979,0.309478894336585,-0.633032431769181,-29142.3877110605
-5.60563214950493,4.66476930358743,4.46283226258845,-7.65466546914001,1.35519226778785,2.98266719659265,-3.7491029846099,2.9594456063729,5.98350748546745,-0.173363378729502,-0.116068158181329,0.0145199921292356,1.04529741168988,1.32716155435863,-0.888690384137039,1.1419387806366,1.47527757546586,-0.058103904234158,3.38782751901323,3.71678504052076,1.49607111765462,0.0892775267874279,0.10191185352426,0.0397817691776356,-0.009127784596889,-0.044278220796767,0.0564692756884352,0.18314279171514,-0.135326862029806,-0.0811931387877127,0.14501329199032,0.103755222789728,0.0940553644563638,0.00374886890230713,0.0869434208215463,-0.0956805933333469,0.125552136497696,-0.0976835160427116,-0.0890839921487149,-0.0223367816816647,-0.0761902982511913,0.0222559351047459,-0.0493638449908804,0.0414398502484721,0.130899152464912,-0.123223188301871,0.342740536219738,0.141906620091021,0.1346988008958,-0.374103112497816,-0.235583883459313,-0.157277077295472,-0.146861159509775,-0.119862734242054,0.0595382796695677,0.0444142329570902,-0.166043140602185,-0.022968188190012,-0.78835555127386,0.526757505454812,-0.256536380658241,0.0102555878515329,-0.821994631196415,0.116773179504424,-0.0311435435837193,0.30951074890858,-0.633128460512809,-29142.3874573169
-5.6064290769824,4.66458845741172,4.46277844238378,-7.65556888646507,1.35514222482598,2.98227402036435,-3.75008894528019,2.95897236097474,5.98290757128901,-0.173371319447307,-0.116085757434482,0.0145162466175691,1.04536622378025,1.32742983617385,-0.888604364823706,1.14186154093708,1.47527971880621,-0.0580684803489011,3.38758637255957,3.71652279493902,1.49591617037585,0.089263814769041,0.101919189671569,0.039767660046309,-0.00910400467063185,-0.0442824951279638,0.0564712676666915,0.183158442837391,-0.13532274252341,-0.0811990809943898,0.145043742464812,0.103778096154497,0.0940659911752639,0.00367471648896843,0.0870174992635366,-0.0956401078436872,0.1255623123344,-0.0977223612095023,-0.0891337156662244,-0.0223622730888594,-0.0761782086224906,0.0222653822707424,-0.049424103427774,0.0414313060430574,0.130864547265392,-0.123235259840868,0.342587156065941,0.141854530752123,0.134694886416063,-0.374131749064005,-0.235584086516045,-0.157284397082508,-0.146880580319825,-0.119916504834975,0.0595113484329877,0.0444196472483452,-0.166045714014292,-0.0230677720690143,-0.788238760714289,0.526770563968317,-0.25655909661534,0.0102713164025824,-0.822023315793926,0.116782971424748,-0.0311871123921986,0.30952451302986,-0.63317564006594,-29142.3873037537
-5.60706217545308,4.66451326841334,4.46275399222026,-7.65633425066798,1.35518400888613,2.9820641850884,-3.75086161105422,2.95870362429971,5.98252947763463,-0.17338188370327,-0.116100673234754,0.0145127535647105,1.04547086649284,1.32766426614823,-0.888534000752175,1.14180680438251,1.4753186615724,-0.0580223755610105,3.38741689585261,3.71640870616675,1.49590777639512,0.0892590456582,0.101933555215026,0.0397636919180701,-0.009108505228413,-0.044291304290786,0.0564767736078341,0.183169461297771,-0.135321334940967,-0.0811950660457478,0.145053819203169,0.103791665002119,0.0940691529853739,0.00366235442838718,0.0871034155635406,-0.0955970291539507,0.125583365636847,-0.0977559107410336,-0.0891832253879762,-0.0223758834415616,-0.0761711031453192,0.0222732016700754,-0.049451047821311,0.0414023555900883,0.130829313881219,-0.123238617190134,0.342481804550186,0.141843676519187,0.134683199571196,-0.37416705670716,-0.235592983316319,-0.157278991079802,-0.146892327536927,-0.11997939745692,0.0595075085203712,0.0444402076451139,-0.166055943756598,-0.0231786676535977,-0.788206071300173,0.526763042217495,-0.256567006233166,0.0102753394445095,-0.822027822486768,0.11678148514705,-0.0312049260004102,0.309529073029705,-0.633192778562307,-29142.3872010349
-5.60751154194049,4.6645104416418,4.46274673946469,-7.65690876530126,1.35527429614885,2.981987382269,-3.75138898328979,2.95859009453346,5.98232728089199,-0.173393024164768,-0.116112220696034,0.0145093819614253,1.04558815867119,1.32785029632956,-0.888475876421764,1.14177766494092,1.47537227339762,-0.0579751311291072,3.38731697658901,3.71639553467101,1.49598525377597,0.0892609066744468,0.101949560788633,0.0397654394178697,-0.00912805389855328,-0.044301267634875,0.0564829905904695,0.183175478748856,-0.135321677837755,-0.0811848979460013,0.145049787889627,0.103797575114826,0.0940674618952158,0.00368652606465034,0.087182947525572,-0.0955595744521321,0.125608898449556,-0.0977808036893532,-0.0892245695885347,-0.0223799258993637,-0.076167608637828,0.0222790434098193,-0.049454708680734,0.0413663664950057,0.130799611365902,-0.123236260660014,0.342420991833632,0.141859994370104,0.134667518926084,-0.374201260072737,-0.235606101098575,-0.157268351380353,-0.146898134060848,-0.120038300759283,0.059517783162746,0.0444664962916548,-0.166068911676422,-0.0232771438886395,-0.788229435726948,0.526744953768583,-0.256565236589044,0.0102722601585634,-0.822018049008228,0.116773994015386,-0.0312051292708515,0.309529771219728,-0.633192525302416,-29142.3871255388
-5.60780791436781,4.66455093661403,4.46274462381669,-7.65730974603517,1.35538405628539,2.98199647499245,-3.75170724351995,2.95858510142176,5.98224775269632,-0.17340397783818,-0.116120885399272,0.0145059584316742,1.04570734489121,1.3279924986532,-0.888425225624756,1.14177030401633,1.47542847029613,-0.0579310863000382,3.38727201941838,3.71644398807211,1.49610588453002,0.0892680593691289,0.101964999286166,0.0397703502853391,-0.00915452161343332,-0.0443108482283349,0.0564888545878572,0.183177633868101,-0.135322880872433,-0.0811709910924204,0.145037503286774,0.103798073521482,0.0940635684596861,0.00372892215235018,0.0872497413288481,-0.0955305181735619,0.125635424483658,-0.0977975073715175,-0.0892562130200279,-0.0223776607533433,-0.0761664761590902,0.0222831247027766,-0.0494442570539263,0.0413303859582959,0.130776554663744,-0.123231111056166,0.342392720896316,0.141891591419823,0.134650513507603,-0.374230648663646,-0.235620187770597,-0.157256544740814,-0.146900059939706,-0.120088588798053,0.0595353758417874,0.0444929060312665,-0.166082342273293,-0.0233564457981033,-0.788285167834069,0.526722451925525,-0.256557682807722,0.0102653091836973,-0.822001006696647,0.11676371420176,-0.0311942568650165,0.309529212466899,-0.633182457461195,-29142.3870646811
-5.60797274072271,4.66461454200819,4.46273931719533,-7.65755063812056,1.35549275036025,2.98205981472704,-3.75184571829714,2.95865815971329,5.98225629131069,-0.173414145770298,-0.116126962661791,0.0145024788392956,1.04581970133374,1.32809326819691,-0.888380374434717,1.14178039390209,1.4754792125448,-0.0578937223318184,3.38727075952126,3.71652754852256,1.49624044638467,0.0892797372617342,0.101978527033268,0.0397769155922376,-0.00918280740644191,-0.0443191149128542,0.0564937360058291,0.183176717297876,-0.135324312401893,-0.0811552181900494,0.145021058881898,0.103794810035955,0.0940594199450729,0.0037771823966471,0.0872997195455687,-0.0955115411172677,0.125660575376993,-0.0978066393050652,-0.0892773891054409,-0.0223714747749611,-0.0761669595268691,0.0222855711427383,-0.0494260442145853,0.0412990671533106,0.130760592332042,-0.123225324467499,0.342387909662319,0.141929595582128,0.134634487522248,-0.374252523353259,-0.235632762382626,-0.157245908169503,-0.146899421861998,-0.120127212254677,0.0595555716965018,0.044515633270486,-0.166094718392866,-0.0234131227858568,-0.788355931874916,0.526699646636371,-0.256546974176859,0.0102566460749766,-0.821981368083012,0.116752733578859,-0.0311768380221885,0.309528477924159,-0.633166676317937,-29142.3870135804
-5.60802860843458,4.66468687111386,4.46272546845385,-7.65765180701263,1.3555874694668,2.98215414074636,-3.75183726755039,2.95878552238719,5.98232587510329,-0.173423215101106,-0.116130815880074,0.0144989709866496,1.04591999553857,1.32815682712251,-0.888340323138871,1.14180334186256,1.47552000358005,-0.0578649861901503,3.38730268117308,3.71662758239096,1.49637012724717,0.0892950386335314,0.101989541074544,0.0397841524205298,-0.00920979015931327,-0.0443256212848385,0.056497498227509,0.183173582035147,-0.135325552819968,-0.0811388605815231,0.145003526832856,0.103789118859813,0.094056312704,0.00382342572957901,0.087331725189798,-0.0955028340734,0.125682886085448,-0.0978092791701505,-0.089288550392543,-0.0223632006823617,-0.0761684652070369,0.0222865988491017,-0.0494045358379941,0.0412748266046903,0.130751351371659,-0.12322035642816,0.342399022467931,0.141967892305721,0.134620995800215,-0.374265682565016,-0.235642294680249,-0.157237533513625,-0.146897223891058,-0.120153200035271,0.0595752702322074,0.0445325591337394,-0.166105307611234,-0.023447201322212,-0.788429516001662,0.526679000000914,-0.256534923456839,0.0102476466523223,-0.821962115985942,0.11674231627777,-0.031156140762637,0.309527880909168,-0.633147598307104,-29142.3869694806
-5.60799390361108,4.66475625052986,4.46270075047168,-7.65763100552302,1.35565794823992,2.98226026933133,-3.75171228257267,2.95894567158846,5.98243449162992,-0.173430768029598,-0.116132679943165,0.0144955859893234,1.04600231396978,1.32818587850219,-0.888305735278372,1.14183431909563,1.47554732786315,-0.0578465582532137,3.38735802324976,3.71672839666827,1.49647934823478,0.0893126962800543,0.101997449324265,0.0397911651849126,-0.00923280261909708,-0.0443299944423882,0.0565000245501403,0.183168952478366,-0.13532626776602,-0.0811232658719382,0.144987510046122,0.103782224799207,0.0940551712620362,0.0038612283592946,0.0873450615638673,-0.0955041491784226,0.125700912632754,-0.0978064564961194,-0.089290200594289,-0.0223544411187202,-0.0761705490344915,0.0222863525475058,-0.0493832325739654,0.0412595310697703,0.130748509075413,-0.123217205820181,0.342420022707766,0.14200128941836,0.134611430573189,-0.374269380699386,-0.235647645580333,-0.15723212568765,-0.146894206394773,-0.120165839925591,0.0595919270731379,0.0445422568083932,-0.166113373673613,-0.0234591436179474,-0.788495510907142,0.526662544237885,-0.256523097535407,0.0102394032967718,-0.821945684635823,0.116733480439142,-0.0311350637097269,0.309527378197603,-0.633127246977879,-29142.3869315764
-5.6078891285811,4.66481462511044,4.46266501493075,-7.65751137203092,1.35569897890325,2.98236357958682,-3.75150346941242,2.95911992528164,5.98256340081852,-0.173436576087363,-0.11613286353586,0.0144924675332874,1.046063308413,1.328184891151,-0.888277191867363,1.14186883124672,1.47555981371533,-0.057838968831529,3.38742754524439,3.71681869648257,1.49655879550889,0.0893313582901771,0.102002071072402,0.0397973277470971,-0.00925029583983394,-0.0443321494711424,0.0565013649364224,0.18316352149917,-0.135326300736571,-0.0811094961553562,0.144974786617207,0.103775112027763,0.0940563787612386,0.00388716779118848,0.0873409171000699,-0.0955142943214598,0.125713655741737,-0.0977994299289391,-0.0892835304901516,-0.0223464564786142,-0.0761728352552209,0.0222850804181848,-0.0493651147118316,0.0412536526515784,0.130751290519511,-0.123216389811941,0.342445890969125,0.142026466738928,0.134606535204541,-0.374264013619971,-0.235648423950015,-0.157229819538067,-0.146890880528018,-0.120165747563582,0.059604052884326,0.0445444318982538,-0.166118581088378,-0.0234512450332928,-0.788546918802811,0.526651394304436,-0.256512629681777,0.0102326691481355,-0.821933536491584,0.116726862486371,-0.0311158124849161,0.309526851770045,-0.633107076328104,-29142.3868992219
-5.60773680794295,4.66485557526551,4.46262049512508,-7.65732024557038,1.35570821821192,2.98245128683066,-3.75124688281973,2.95928877080482,5.98269444345533,-0.173440407411443,-0.11613168316182,0.0144898188661284,1.04610011688775,1.32815903828844,-0.88825587277178,1.14190218000367,1.47555745242965,-0.0578419542957504,3.38750135826395,3.71688887506622,1.49660222167994,0.0893494136501191,0.102003403305007,0.0398020779910489,-0.0092611790949517,-0.0443321557596751,0.0565016036760068,0.183157976950676,-0.135325600970238,-0.0810985820254691,0.144966583996258,0.103768698427217,0.0940599102397135,0.0038991963389446,0.0873217542542701,-0.0955313248139002,0.125720463247036,-0.0977896657283054,-0.089270298892918,-0.0223403930752974,-0.0761750282525692,0.0222830231910039,-0.0493522545893019,0.0412568584866691,0.130758605555456,-0.123218012898378,0.342472111519907,0.142041132104747,0.134606614807905,-0.374250734028145,-0.235644709359491,-0.157230402323987,-0.146887765975126,-0.12015446064323,0.0596106474747858,0.0445394780815565,-0.166120833266054,-0.0234270657110478,-0.788578557605473,0.526646152887943,-0.256504490856322,0.0102279752876589,-0.821926643448714,0.116722837354181,-0.0311003368906195,0.309526067012184,-0.633088624375115,-29142.3868723365
-5.60756018816358,4.66487663920659,4.46257085849445,-7.6570876363743,1.3556881241965,2.98251591012562,-3.75097678419887,2.95943766174236,5.98281395458669,-0.173442270850849,-0.116129527254866,0.0144877819507336,1.04611301448317,1.32811511739963,-0.888242315511303,1.14193070536762,1.47554215545865,-0.0578540640609347,3.38757116096644,3.71693409617234,1.49660931170872,0.089365395503843,0.102001806245144,0.0398051060174579,-0.00926539360114939,-0.0443303209931996,0.056500976839796,0.183152892154916,-0.135324262890648,-0.0810911211929586,0.144963425166995,0.103763612763535,0.094065398860347,0.00389751203555758,0.0872913622951162,-0.0955527963814353,0.125721613406714,-0.0977786390447923,-0.0892526563155302,-0.0223365479864163,-0.0761768874323092,0.0222805286983257,-0.0493453898010245,0.0412677350762501,0.13076910933471,-0.123221815691295,0.342495347254498,0.142044861145387,0.134611330523899,-0.374231539335811,-0.235637201935602,-0.157233294793583,-0.146885115656804,-0.120134521428678,0.0596117499926775,0.0445287401363711,-0.166120322426398,-0.0233913419406065,-0.78858889419916,0.526646577892285,-0.256499164048802,0.0102255197368008,-0.821925084125913,0.116721398015441,-0.0310897231617704,0.309524904362048,-0.63307285643839,-29142.3868504822
-5.60738340751528,4.66487780119815,4.46252114806884,-7.65684614615104,1.35564451748233,2.98255323520963,-3.75072690641748,2.9595540471439,5.98291043369596,-0.173442296935991,-0.116126815084018,0.014486476765577,1.04610412897052,1.32806091912095,-0.888236793369073,1.14195145255956,1.47551735019219,-0.0578729303543606,3.38762941268828,3.71695268851546,1.49658412448061,0.0893780770413114,0.10199791952197,0.0398063369628353,-0.00926356437318061,-0.0443271225694439,0.0564997914964381,0.183148823494887,-0.135322477736559,-0.0810873760484072,0.144965028114336,0.103760294769838,0.0940721331872437,0.00388399886119245,0.0872547461688364,-0.0955757330036316,0.125717757839601,-0.0977678790132747,-0.0892332083902309,-0.0223353583684493,-0.0761782785263375,0.0222778918030423,-0.0493445784100042,0.0412839608068392,0.130781120579551,-0.123227167158332,0.342512952799456,0.142038550321456,0.134619686331042,-0.374209140767942,-0.235627111044674,-0.157237687119787,-0.146883198231654,-0.120109393501938,0.0596079847814233,0.044514197710207,-0.166117561350154,-0.0233498778424577,-0.788579142648194,0.526651762047768,-0.256496810514857,0.0102252015339368,-0.821928277695128,0.116722226020323,-0.0310844880668596,0.309523281266849,-0.6330605961013,-29142.3868332528
-5.60722485544153,4.6648623416687,4.46247600760294,-7.65662200909849,1.35558570381761,2.98256440585065,-3.75052023140611,2.95963298278208,5.98297880803096,-0.173440823344493,-0.116123932558321,0.0144859166799273,1.04607805968804,1.32800375438231,-0.888238659422285,1.14196333240794,1.47548719274656,-0.0578955823422001,3.38767199980168,3.71694736830885,1.49653467683863,0.0893868091821958,0.101992565094218,0.039805988018014,-0.00925706412001716,-0.0443231364417515,0.05649833159188,0.183146052457014,-0.135320461702117,-0.0810870611604402,0.144970570287971,0.103758818381883,0.0940793213028164,0.00386242858285462,0.0872167250024987,-0.0955975568066584,0.125709903684581,-0.0977585315086643,-0.0892142259396438,-0.0223364077712575,-0.0761791450228988,0.0222754066802791,-0.0493491707457252,0.0413029505433156,0.13079315382391,-0.123233336222446,0.342523811592254,0.142024406283013,0.134630427299475,-0.374186142424452,-0.235615759727267,-0.157242674911947,-0.146882020543327,-0.120082512427933,0.059600654163225,0.0444980575083825,-0.16611319954532,-0.0233079477413657,-0.78855323373691,0.526660363934409,-0.256497137862414,0.0102267094194039,-0.821935081773097,0.116724816885283,-0.0310842259931248,0.309521278963641,-0.633052027570974,-29142.3868198755
-5.6070998848419,4.66483515432228,4.46243973631357,-7.65643819081806,1.35552129677294,2.98255336217306,-3.75037365672851,2.95967309818797,5.98301713414479,-0.17343829101342,-0.116121242664222,0.014486049019466,1.04604074208255,1.32795067595734,-0.888246663934912,1.14196629934004,1.47545625862502,-0.0579188551700826,3.38769665531621,3.71692332350839,1.49647124655864,0.0893913732632985,0.101986658061822,0.0398044045447944,-0.00924766906365176,-0.0443189879520252,0.0564968664794245,0.183144701916013,-0.135318487962964,-0.0810895950802981,0.144978700730205,0.103759038012397,0.094086112098372,0.00383665857315656,0.0871820348497446,-0.095615932750461,0.125699796569284,-0.0977514854127981,-0.0891978222314403,-0.0223393022290831,-0.076179532699885,0.0222732903971829,-0.0493573626890976,0.0413219150647571,0.130803784133332,-0.123239478515745,0.342527820508723,0.142005530416486,0.134641966813163,-0.37416523632151,-0.235604662583252,-0.157247435041661,-0.146881604780154,-0.120057353813617,0.0595913299389331,0.0444824853009061,-0.166108135600108,-0.0232706205109706,-0.788516940072327,0.526670670865975,-0.256499558082974,0.0102294575515236,-0.821943987955462,0.116728442134956,-0.0310880359002793,0.309519008077051,-0.633047135270046,-29142.3868097123
-5.60701642947955,4.66480195435593,4.46241489197018,-7.65630795791512,1.35546005760438,2.98252638974027,-3.75029264722404,2.95967832831968,5.98302786105631,-0.173435197455938,-0.116119013560384,0.0144867395136514,1.04599854906449,1.32790689693854,-0.888258964202795,1.14196156641057,1.47542838703811,-0.0579400249182014,3.38770400386812,3.71688733035756,1.4964041443245,0.0893920730494811,0.101981013890768,0.0398020422894608,-0.00923712789091102,-0.0443151924625726,0.0564956395778686,0.183144669205157,-0.135316786458993,-0.0810941381771357,0.144987959888234,0.103760583353852,0.094091790668053,0.00381089252007898,0.0871541024329764,-0.0956293585972657,0.125688965454603,-0.0977471271179315,-0.0891853820789439,-0.0223431322098534,-0.0761794790209759,0.0222717392438022,-0.0493675049343025,0.0413386135336911,0.13081207915944,-0.123244889610273,0.342525868164108,0.141985048645504,0.134652867900936,-0.374148376003469,-0.23559504226039,-0.157251313482422,-0.146881813132676,-0.120036528381427,0.0595816095223697,0.044469261825089,-0.166103085066699,-0.0232413338274998,-0.788476457891387,0.526681097896505,-0.256503345655033,0.0102328754638503,-0.821953483529124,0.116732435291817,-0.0310946344164147,0.309516685915577,-0.633045486542287,-29142.3868021271
-5.60697744060593,4.66476895485416,4.46240285420695,-7.65623832031674,1.35541022182863,2.98249105462582,-3.75027509019821,2.95965577263075,5.9830158887018,-0.173432092514186,-0.116117456917442,0.0144877897116431,1.0459583476013,1.327876524723,-0.888273159229888,1.14195133423971,1.47540698947253,-0.0579565283330768,3.3876966191476,3.71684720761808,1.49634389204074,0.0893896317909932,0.101976372517722,0.0397994122682818,-0.00922728605181243,-0.0443122232033695,0.0564947798236957,0.183145688366078,-0.135315536894822,-0.08109963631515,0.144996728378756,0.103762960638686,0.0940957722671098,0.00378904393589086,0.0871355514706863,-0.0956369205438846,0.125678969793296,-0.0977455535829499,-0.0891778495531969,-0.0223473848322979,-0.0761791255107648,0.0222708277704761,-0.049377828963053,0.0413510525825501,0.130817343098401,-0.123248910909471,0.342519523070383,0.141966276821873,0.134661784693608,-0.374137059374225,-0.235587937925165,-0.157253851386876,-0.14688248426656,-0.12002211560504,0.0595730053963488,0.0444598248775742,-0.166098807970954,-0.0232225831601714,-0.788438367764221,0.526690094953866,-0.256507667613396,0.0102362995997613,-0.821962064811324,0.116736110049981,-0.0311024983065274,0.309514573108535,-0.633046501999103,-29142.3867966874
-5.6069786847189,4.66474131294885,4.46240267532933,-7.65622603026585,1.35537698803316,2.98245493180363,-3.75030930569893,2.95961551548282,5.98298861679598,-0.173429452752158,-0.116116655246032,0.0144889640905471,1.04592576502311,1.3278610837817,-0.888286770050934,1.14193837770971,1.47539392827218,-0.0579669061043838,3.38767899830914,3.7168101917324,1.49629834674415,0.0893851138350897,0.101973211850171,0.0397969746175318,-0.00921954791759249,-0.044310352809825,0.0564943352418683,0.183147378984457,-0.135314842589538,-0.0811050490324761,0.145003805097849,0.103765608031826,0.0940978162970686,0.00377350713573021,0.0871271114592745,-0.0956387641351429,0.125671269378982,-0.0977463703076114,-0.0891752507959632,-0.0223510844136217,-0.0761785962584854,0.0222705555033954,-0.0493864734034698,0.0413582732755683,0.130819477662639,-0.123251224813991,0.342510827839828,0.14195174429021,0.134667801323359,-0.374131783162,-0.235583894640873,-0.157254906193125,-0.146883394549675,-0.120014875152733,0.0595666516855403,0.044454791249036,-0.16609579667779,-0.0232148056610335,-0.788407970294694,0.526696587885965,-0.256511689708876,0.0102391983196093,-0.82196858404431,0.116738970021736,-0.0311100990311929,0.309512912605036,-0.633049337338433,-29142.386792959
