"","Estimate","Std.err.","t-ratio(0)","Rob.std.err.","Rob.t-ratio(0)"
"asc_cr_1",0,NA,NA,NA,NA
"asc_pt_1",-5.78365392510132,0.330896390029201,-17.4787459137614,0.504731445373599,-11.4588737795409
"asc_bc_1",4.71537959036197,0.106443272142497,44.2994610692674,0.202174261102848,23.3233427669767
"asc_wk_1",4.62567542478993,0.121072888760347,38.205707918195,0.269740179816062,17.1486332809009
"asc_cr_2",0,NA,NA,NA,NA
"asc_pt_2",-7.85814718187914,0.343505484656991,-22.8763368646819,0.549114046228547,-14.3105921909135
"asc_bc_2",1.28935402237255,0.103973668260813,12.4007745801395,0.211104762631001,6.1076500894784
"asc_wk_2",3.03821077896772,0.102861376015935,29.5369447371291,0.211121270986592,14.3908321732331
"asc_cr_3",0,NA,NA,NA,NA
"asc_pt_3",-3.95269639396945,0.313338752686756,-12.6147703087366,0.49534411957964,-7.97969782567278
"asc_bc_3",2.95324610190007,0.140380922511586,21.0373749442795,0.355645142217651,8.30391238717585
"asc_wk_3",6.2092324824995,0.114284765692272,54.3312351815878,0.226007496568762,27.473568694702
"b_tt_cr",-0.173788322689285,0.00939732461769482,-18.4933829317812,0.0244614192448875,-7.10458869738748
"b_tt_pt",-0.11819510383773,0.00865304350992685,-13.6593677937867,0.0197005823344507,-5.99957411568693
"b_tt_am",0.01249253757701,0.000887515737873133,14.0758490738964,0.0037327609900142,3.34672849679628
"b_tt_cr_sqrt",1.07668867683794,0.0719945876122714,14.955133608605,0.157191178102013,6.84954900038472
"b_tt_pt_sqrt",1.37249973262355,0.11158180586465,12.3003900321206,0.217613116481384,6.3070634473495
"b_tt_am_sqrt",-0.878117972920832,0.0221635135638823,-39.6199803966016,0.055334027165308,-15.8694029317168
"b_purp_work_cr",0,NA,NA,NA,NA
"b_purp_work_pt",1.13783359249367,0.0936682354486145,12.1474861466551,0.135916281599353,8.37157681997008
"b_purp_work_bc",1.49166348195213,0.0529628480959683,28.1643366166646,0.0781797623450891,19.0799183472553
"b_purp_work_wk",-0.103793422231548,0.0941459583595094,-1.10247347884227,0.12450130433897,-0.833673372199846
"b_purp_edu_cr",0,NA,NA,NA,NA
"b_purp_edu_pt",3.49785929646709,0.128602940688028,27.1989060106517,0.16345678181244,21.3992913458968
"b_purp_edu_bc",3.95687943743868,0.102081759067024,38.7618657202087,0.143284969695795,27.6154536364802
"b_purp_edu_wk",1.67690014729346,0.177262619888506,9.45997609844756,0.226054836028372,7.41811224548626
"b_temp_cr_1",0,NA,NA,NA,NA
"b_temp_pt_1",-0.039193909462234,0.0906103655699203,-0.432554368539543,0.121878752524121,-0.321581150533002
"b_temp_bc_1",0.115115262594461,0.0310366025702293,3.70901622798369,0.0415265808395753,2.7720862220555
"b_temp_wk_1",0.0431447673402544,0.0529858757352071,0.814269213098733,0.0661777895445028,0.651952379147398
"b_wind_cr_1",0,NA,NA,NA,NA
"b_wind_pt_1",0.0403957693493273,0.075671484826204,0.533830800890255,0.0784890720859569,0.514667434277833
"b_wind_bc_1",-0.0702762674653993,0.0283983949544384,-2.47465631695554,0.0367989794565594,-1.90973414217531
"b_wind_wk_1",0.0399872841119852,0.0497732443946216,0.803389142064971,0.0610889108659145,0.654575168310894
"b_ri_cr_1",0,NA,NA,NA,NA
"b_ri_pt_1",0.118744670567726,0.0713650916131175,1.66390412852633,0.0755382845890847,1.57197997298557
"b_ri_bc_1",-0.120038505533934,0.0278702570727831,-4.3070469432863,0.0327941488832679,-3.660363498416
"b_ri_wk_1",-0.0200316728823759,0.0484950228144507,-0.41306657301761,0.0538824274103405,-0.371766340996947
"b_ss_cr_1",0,NA,NA,NA,NA
"b_ss_pt_1",0.200086065288403,0.0853992793143073,2.3429479369726,0.0929449383717364,2.15273761856888
"b_ss_bc_1",0.118116265271893,0.0302557147289253,3.90393240847721,0.0394544925371075,2.99373424105767
"b_ss_wk_1",0.0866855404222482,0.054521182183493,1.58994242147034,0.0709393205045924,1.22196744775186
"b_temp_cr_2",0,NA,NA,NA,NA
"b_temp_pt_2",-0.00146335268914873,0.156706367143119,-0.00933818271603642,0.169704734492061,-0.00862293378866919
"b_temp_bc_2",0.0589204860962623,0.0495074490425713,1.1901337523086,0.0648269872479016,0.908888236174657
"b_temp_wk_2",-0.132590780061195,0.0539094768284162,-2.45950782425893,0.06779189115001,-1.95585014390288
"b_wind_cr_2",0,NA,NA,NA,NA
"b_wind_pt_2",0.0906917284743858,0.130357715666672,0.695714312041851,0.129335100285727,0.701215124695693
"b_wind_bc_2",-0.0293151971443783,0.0438211497455439,-0.668973710516561,0.058152560777273,-0.504108447720074
"b_wind_wk_2",-0.110597569062367,0.053332568632931,-2.07373415339453,0.0669060844051095,-1.65302707587415
"b_ri_cr_2",0,NA,NA,NA,NA
"b_ri_pt_2",-0.0537135612020743,0.15225788562495,-0.352780159671892,0.157840530422292,-0.340302716028432
"b_ri_bc_2",-0.0572217415397238,0.0506121596537697,-1.13059276527952,0.0561697520500119,-1.01872875437968
"b_ri_wk_2",0.0485122374636067,0.0536365717480896,0.904461934879992,0.0704890542454478,0.688223696329981
"b_ss_cr_2",0,NA,NA,NA,NA
"b_ss_pt_2",-0.123207252036818,0.170292594251727,-0.723503289019678,0.200638268292856,-0.614076532284371
"b_ss_bc_2",0.103303536534642,0.0466179782315031,2.21595917398306,0.0596422421383349,1.73205320308111
"b_ss_wk_2",0.104187995922599,0.0581350454694019,1.79217191766773,0.0793763120478714,1.31258297638927
"b_temp_cr_3",0,NA,NA,NA,NA
"b_temp_pt_3",-0.134591604417036,0.0773106836024116,-1.74091856578587,0.0998168899651597,-1.34838507254648
"b_temp_bc_3",0.324980000918912,0.0884166040355653,3.67555398065493,0.167323168286538,1.94222954446087
"b_temp_wk_3",0.130304856999808,0.0666020232982236,1.95646994711171,0.100036184698925,1.30257723634684
"b_wind_cr_3",0,NA,NA,NA,NA
"b_wind_pt_3",0.205568967270374,0.0667767757426221,3.07845002973337,0.083920114089423,2.44957921591152
"b_wind_bc_3",-0.445624090232425,0.0808980625912848,-5.50846430629393,0.166668585711997,-2.67371375552717
"b_wind_wk_3",-0.209139994792469,0.0553500808809311,-3.77849483621117,0.0865415108591764,-2.41664367441873
"b_ri_cr_3",0,NA,NA,NA,NA
"b_ri_pt_3",-0.153098714094189,0.0754896538312926,-2.02807545569542,0.0890049178171074,-1.72011522339456
"b_ri_bc_3",-0.170434035511943,0.0730409652782266,-2.33340338346746,0.0796778186719256,-2.13903992795921
"b_ri_wk_3",-0.092601737900833,0.0540951337596092,-1.71183120301248,0.0679791702874827,-1.36220753370807
"b_ss_cr_3",0,NA,NA,NA,NA
"b_ss_pt_3",0.0495268227437414,0.0754264765068668,0.656623841354069,0.0972516585964745,0.5092645560858
"b_ss_bc_3",0.0630145695114102,0.0669315835902651,0.94147734344919,0.0907559439328373,0.694329944472213
"b_ss_wk_3",-0.154233814128544,0.0588395002975125,-2.62126315398134,0.0722300732369852,-2.13531299660331
"delta_1",0,NA,NA,NA,NA
"delta_2",-0.123312484473015,0.0519969634783501,-2.37153241697198,0.0818004381167098,-1.5074795112598
"delta_3",-0.85497340242199,0.0748013475468563,-11.4299197870256,0.132396270917346,-6.45768492192459
"gamma_ebike_2",0.447012,NA,NA,NA,NA
"gamma_male_2",0.062231,NA,NA,NA,NA
"gamma_age_2",-0.119381,NA,NA,NA,NA
"gamma_employed_2",-0.611799,NA,NA,NA,NA
"gamma_education_2",0.04301,NA,NA,NA,NA
"gamma_density_2",0.05929,NA,NA,NA,NA
"gamma_license_2",1.830124,NA,NA,NA,NA
"gamma_CarAtt_2",0.543743957909687,0.0468961269004297,11.5946453118435,0.0488966293963118,11.1202748455848
"gamma_TrainAtt_2",-0.241244427923155,0.0545838960212789,-4.41969968265199,0.0547781612935289,-4.40402565961363
"gamma_BTMAtt_2",0.0282949201258265,0.0538735512549244,0.525209856538651,0.0553446198922349,0.511249696554452
"gamma_BikeAtt_2",-0.800229974133324,0.0500078209513824,-16.0020964502994,0.0521759083830381,-15.3371546166213
"gamma_Car_2",-1.028329,NA,NA,NA,NA
"gamma_ebike_3",0.1358,NA,NA,NA,NA
"gamma_male_3",0.104951,NA,NA,NA,NA
"gamma_age_3",0.01865,NA,NA,NA,NA
"gamma_employed_3",-0.624231,NA,NA,NA,NA
"gamma_education_3",0.187623,NA,NA,NA,NA
"gamma_density_3",0.391359,NA,NA,NA,NA
"gamma_license_3",1.65465,NA,NA,NA,NA
"gamma_CarAtt_3",0.104738048895304,0.0533035050163178,1.96493736881357,0.0603090669694768,1.73668826527052
"gamma_TrainAtt_3",-0.0308515468962456,0.0712642468518581,-0.432917602572562,0.0831765114301366,-0.370916576877104
"gamma_BTMAtt_3",0.29964863957703,0.0708966500893942,4.22655568632932,0.084769517240438,3.53486311272853
"gamma_BikeAtt_3",-0.639425490549053,0.0631284518876362,-10.1289588359807,0.0920194316489612,-6.94880938830784
"gamma_Car_3",-0.923423,NA,NA,NA,NA
